[
        {
          "title": "Presentation at the temple",
          "url": "/",
          "start": "2015-02-02"
        },
        {
          "title": "Saint Blaise",
          "url": "/",
          "start": "2015-02-03"
        },
        {
          "title": "Saint Agatha",
          "url": "/",
          "start": "2015-02-05"
        },
        {
          "title": "Saint Paul Miki",
          "url": "/",
          "start": "2015-02-06"
        },
        {
          "title": "St. Scholastica, V",
          "url": "/",
          "start": "2015-02-10"
        },
        {
          "title": "Our Lady of Lourdes",
          "url": "/",
          "start": "2015-02-11"
        },
        {
          "title": "Sts Cyril & Methodius, martyrs",
          "url": "/",
          "start": "2015-02-14"
        },
        {
          "title": "Ash Wednesday",
          "url": "/",
          "start": "2015-02-18"
        },
        {
          "title": "First Sunday of Lent",
          "url": "/",
          "start": "2015-02-22"
        },
        {
          "title": "Mark 1:21-28",
          "start": "2015-02-07",
          "url": "/"
        },
        {
          "title": "Mark 1:29-39",
          "start": "2015-02-14",
          "url": "/"
        },
        {
          "title": "Mark 1:40-45",
          "start": "2015-02-21",
          "url": "/"
        },
        {
          "title": "Mark 1:46-47",
          "start": "2015-02-28",
          "url": "/"
        },
        {
          "title": "Mark 5:1-20",
          "url": "/",
          "start": "2015-02-01"
        },
        {
          "title": "Mark 5:21-43",
          "url": "/",
          "start": "2015-02-02"
        },
        {
          "title": "Mark 6:1-6",
          "url": "/",
          "start": "2015-02-03"
        },
        {
          "title": "Mark 6:7-13",
          "url": "/",
          "start": "2015-02-04"
        },
        {
          "title": "Mark 6:14-29",
          "url": "/",
          "start": "2015-02-05"
        },
        {
          "title": "Mark 5:30-34",
          "url": "/",
          "start": "2015-02-06"
        },
        {
          "title": "Mark 6:53-56",
          "url": "/",
          "start": "2015-02-08"
        },
        {
          "title": "Mark 7:1-13",
          "url": "/",
          "start": "2015-02-09"
        },
        {
          "title": "Mark 7:14-23",
          "url": "/",
          "start": "2015-02-10"
        },
        {
          "title": "Mark 7:24-30",
          "url": "/",
          "start": "2015-02-11"
        },
        {
          "title": "Mark 7:31-37",
          "url": "/",
          "start": "2015-02-12"
        },
        {
          "title": "Mark 8:1-10",
          "url": "/",
          "start": "2015-02-13"
        },
        {
          "title": "Mark 8:11-13",
          "url": "/",
          "start": "2015-02-15"
        },
        {
          "title": "Mark 8:14-21",
          "url": "/",
          "start": "2015-02-16"
        },
        {
          "title": "Mark 8:22-26",
          "url": "/",
          "start": "2015-02-17"
        },
        {
          "title": "Mark 8:27-33",
          "url": "/",
          "start": "2015-02-18"
        },
        {
          "title": "Mark 8:34-9:1",
          "url": "/",
          "start": "2015-02-19"
        },
        {
          "title": "Mark 9:2-13",
          "url": "/",
          "start": "2015-02-20"
        },
        {
          "title": "Mark 9:14-29",
          "url": "/",
          "start": "2015-02-22"
        },
        {
          "title": "Mark 9:30-37",
          "url": "/",
          "start": "2015-02-23"
        },
        {
          "title": "Mark 9:38-40",
          "url": "/",
          "start": "2015-02-24"
        },
        {
          "title": "Mark 9:41-50",
          "url": "/",
          "start": "2015-02-25"
        },
        {
          "title": "Mark 10:1-12",
          "url": "/",
          "start": "2015-02-26"
        },
        {
          "title": "Mark 10:13-16",
          "url": "/",
          "start": "2015-02-27"
        }
]